{"SubTexture":[{"height":52,"y":1,"width":180,"name":"flame_01_f/ba_bu_flame1","x":84},{"x":1,"frameX":-2,"y":1,"width":81,"frameY":0,"frameWidth":86,"frameHeight":234,"name":"flame_01_f/bbb","height":233},{"height":32,"y":55,"width":50,"name":"mecha_1502b_folder/thigh_1_l_0","x":141},{"height":65,"y":1,"width":41,"name":"mecha_1502b_folder/pelvis","x":266},{"height":32,"y":55,"width":55,"name":"mecha_1502b_folder/thigh_1_r_1","x":84}],"imagePath":"mecha_1502b_tex.png","width":512,"name":"mecha_1502b","height":256}