{"height":512,"SubTexture":[{"x":121,"y":344,"width":98,"name":"mecha_1003d_folder/calf_r_0","height":92},{"frameY":-1,"frameX":0,"y":245,"frameHeight":52,"height":51,"frameWidth":95,"width":95,"name":"mecha_1003_folder/calf_r_0","x":222},{"frameY":0,"frameX":0,"y":344,"frameHeight":92,"height":92,"frameWidth":96,"width":95,"name":"mecha_1003d_folder/calf_l_0","x":221},{"x":318,"y":298,"width":92,"name":"mecha_1003_folder/calf_l_0","height":51},{"x":128,"y":187,"width":100,"name":"mecha_1007d_folder/thigh_l_0","height":56},{"frameY":0,"frameX":-3,"y":438,"frameHeight":63,"height":63,"frameWidth":116,"width":108,"name":"mecha_1008d_folder/thigh_l_0","x":121},{"frameY":0,"frameX":-1,"y":438,"frameHeight":57,"height":56,"frameWidth":103,"width":102,"name":"mecha_1003d_folder/thigh_l_0","x":334},{"x":231,"y":438,"width":101,"name":"mecha_1007d_folder/thigh_r_0","height":58},{"x":1,"y":447,"width":105,"name":"mecha_1003d_folder/thigh_r_0","height":58},{"frameY":0,"frameX":-3,"y":245,"frameHeight":54,"height":54,"frameWidth":96,"width":92,"name":"mecha_1008d_folder/thigh_r_0","x":128},{"x":1,"y":1,"width":163,"name":"mecha_1004d_folder/chest_1","height":184},{"x":1,"y":187,"width":125,"name":"mecha_1004b_folder/chest_1","height":155},{"x":1,"y":344,"width":118,"name":"mecha_1004_folder/chest_1","height":101},{"x":381,"y":1,"width":29,"name":"mecha_1004d_folder/foot_l_0","height":83},{"x":464,"y":269,"width":32,"name":"mecha_1003_folder/foot_l_0","height":98},{"x":464,"y":187,"width":40,"name":"mecha_1007d_folder/foot_l_1","height":80},{"x":464,"y":1,"width":34,"name":"mecha_1003_folder/foot_r_0","height":101},{"x":412,"y":1,"width":30,"name":"mecha_1004d_folder/foot_r_1","height":85},{"x":464,"y":104,"width":41,"name":"mecha_1007d_folder/foot_r_0","height":81},{"x":393,"y":351,"width":69,"name":"mecha_1004d_folder/shouder_l_2","height":56},{"x":319,"y":1,"width":60,"name":"mecha_1004b_folder/shouder_l_2","height":51},{"x":438,"y":464,"width":63,"name":"mecha_1002_folder/upperarm_l_2","height":42},{"x":319,"y":351,"width":72,"name":"mecha_1004d_folder/shouder_r_2","height":59},{"x":222,"y":298,"width":67,"name":"mecha_1002_folder/upperarm_r_2","height":38},{"x":438,"y":409,"width":69,"name":"mecha_1004b_folder/shouder_r_2","height":53}],"width":512,"name":"skin_1000","imagePath":"skin_1000_tex.png"}