{"SubTexture":[{"width":118,"y":2,"height":67,"name":"mecha_2903_folder/weapon","x":2},{"width":103,"y":2,"height":78,"name":"mecha_2903_folder/chest","x":122},{"width":60,"y":2,"height":69,"name":"mecha_2903_folder/neck","x":227},{"width":75,"y":71,"height":51,"name":"mecha_2903_folder/forearm_r","x":2},{"width":39,"y":71,"height":29,"name":"mecha_2903_folder/textures/upperarm_r_0","x":79},{"width":62,"y":73,"height":56,"name":"mecha_2903_folder/pelvis","x":227},{"width":96,"y":82,"height":28,"name":"mecha_2903_folder/calf_r_m","x":120},{"width":33,"y":102,"height":33,"name":"mecha_2903_folder/tail","x":79},{"width":95,"y":112,"height":28,"name":"mecha_2903_folder/calf_r_f","x":114},{"width":75,"y":124,"height":41,"name":"mecha_2903_folder/forearm_l","x":2},{"width":82,"y":131,"height":28,"name":"mecha_2903_folder/textures/calf_l_f_1","x":211},{"width":31,"y":137,"height":32,"name":"mecha_2903_folder/textures/upperarm_l_2","x":79},{"width":97,"y":142,"height":24,"name":"mecha_2903_folder/calf_r_b","x":112},{"width":74,"y":161,"height":28,"name":"mecha_2903_folder/calf_l_m","x":211},{"width":48,"y":167,"height":38,"name":"mecha_2903_folder/head","x":2},{"width":76,"y":168,"height":25,"name":"mecha_2903_folder/calf_l_b","x":112},{"width":57,"y":171,"height":25,"name":"mecha_2903_folder/hand_l","x":52},{"width":59,"y":191,"height":26,"name":"mecha_2903_folder/textures/hand_r_0","x":190},{"width":52,"y":191,"height":28,"name":"mecha_2903_folder/textures/tail9_1","x":251},{"width":59,"y":195,"height":18,"name":"mecha_2903_folder/textures/thigh_l_f_0","x":111},{"width":55,"y":198,"height":15,"name":"mecha_2903_folder/thigh_l_m","x":52},{"width":44,"y":207,"height":24,"name":"mecha_2903_folder/textures/thigh_r_b_1","x":2},{"width":52,"y":215,"height":17,"name":"mecha_2903_folder/textures/thigh_l_b_1","x":48},{"width":35,"y":215,"height":29,"name":"mecha_2903_folder/tail1","x":102},{"width":39,"y":215,"height":18,"name":"mecha_2903_folder/textures/thigh_r_f_2","x":139},{"width":31,"y":219,"height":26,"name":"mecha_2903_folder/tail2","x":180},{"width":34,"y":219,"height":22,"name":"mecha_2903_folder/tail4","x":213},{"width":38,"y":221,"height":17,"name":"mecha_2903_folder/textures/hand_r_1_0","x":249},{"width":38,"y":233,"height":17,"name":"mecha_2903_folder/textures/thigh_r_m_0","x":2},{"width":33,"y":234,"height":21,"name":"mecha_2903_folder/textures/tail5_1","x":42},{"width":31,"y":235,"height":23,"name":"mecha_2903_folder/tail3","x":139},{"width":38,"y":240,"height":14,"name":"mecha_2903_folder/textures/hand_l_1_0","x":249},{"width":27,"y":243,"height":25,"name":"mecha_2903_folder/textures/tail8_1","x":213},{"width":28,"y":246,"height":23,"name":"mecha_2903_folder/textures/tail7_1","x":77},{"width":28,"y":246,"height":22,"name":"mecha_2903_folder/textures/tail6_1","x":107}],"name":"mecha_2903","imagePath":"mecha_2903_texture_1.png"}