{"SubTexture":[{"width":113,"y":2,"height":111,"name":"mecha_2903c_folder/neck","x":2},{"width":131,"y":2,"height":81,"name":"mecha_2903c_folder/weapon","x":117},{"width":73,"y":2,"height":53,"name":"mecha_2903c_folder/forearm_r","x":250},{"width":33,"y":2,"height":43,"name":"mecha_2903c_folder/textures/tail7_1","x":325},{"width":32,"y":47,"height":38,"name":"mecha_2903c_folder/textures/tail6_1","x":325},{"width":62,"y":57,"height":56,"name":"mecha_2903c_folder/pelvis","x":250},{"width":111,"y":85,"height":101,"name":"mecha_2903c_folder/chest","x":117},{"width":35,"y":87,"height":46,"name":"mecha_2903c_folder/textures/tail8_1","x":314},{"width":79,"y":115,"height":44,"name":"mecha_2903c_folder/textures/hand_r_0","x":230},{"width":113,"y":115,"height":31,"name":"mecha_2903c_folder/calf_r_f","x":2},{"width":48,"y":135,"height":38,"name":"mecha_2903c_folder/head","x":311},{"width":95,"y":148,"height":26,"name":"mecha_2903c_folder/textures/calf_l_f_1","x":2},{"width":74,"y":161,"height":40,"name":"mecha_2903c_folder/forearm_l","x":230},{"width":52,"y":175,"height":28,"name":"mecha_2903c_folder/textures/tail9_1","x":306},{"width":88,"y":176,"height":30,"name":"mecha_2903c_folder/calf_l_b","x":2},{"width":114,"y":188,"height":31,"name":"mecha_2903c_folder/calf_r_m","x":92},{"width":83,"y":203,"height":32,"name":"mecha_2903c_folder/calf_l_m","x":208},{"width":59,"y":205,"height":18,"name":"mecha_2903c_folder/textures/thigh_l_f_0","x":293},{"width":76,"y":208,"height":28,"name":"mecha_2903c_folder/hand_l","x":2},{"width":115,"y":221,"height":27,"name":"mecha_2903c_folder/calf_r_b","x":80},{"width":37,"y":225,"height":35,"name":"mecha_2903c_folder/textures/tail5_1","x":293},{"width":75,"y":237,"height":23,"name":"mecha_2903c_folder/textures/hand_r_1_0","x":197},{"width":76,"y":238,"height":17,"name":"mecha_2903c_folder/textures/hand_l_1_0","x":2},{"width":55,"y":250,"height":15,"name":"mecha_2903c_folder/thigh_l_m","x":80},{"width":52,"y":250,"height":17,"name":"mecha_2903c_folder/textures/thigh_l_b_1","x":137},{"width":44,"y":257,"height":24,"name":"mecha_2903c_folder/textures/thigh_r_b_1","x":2},{"width":39,"y":262,"height":29,"name":"mecha_2903c_folder/textures/upperarm_r_0","x":191},{"width":33,"y":262,"height":33,"name":"mecha_2903c_folder/tail","x":232},{"width":35,"y":262,"height":29,"name":"mecha_2903c_folder/tail1","x":267},{"width":34,"y":262,"height":29,"name":"mecha_2903c_folder/tail4","x":304},{"width":31,"y":267,"height":32,"name":"mecha_2903c_folder/textures/upperarm_l_2","x":48},{"width":39,"y":267,"height":18,"name":"mecha_2903c_folder/textures/thigh_r_f_2","x":81},{"width":31,"y":269,"height":26,"name":"mecha_2903c_folder/tail2","x":122},{"width":31,"y":269,"height":23,"name":"mecha_2903c_folder/tail3","x":155},{"width":38,"y":283,"height":17,"name":"mecha_2903c_folder/textures/thigh_r_m_0","x":2}],"name":"mecha_2903c","imagePath":"mecha_2903c_texture_1.png"}