{"SubTexture":[{"width":169,"y":2,"height":116,"name":"mecha_2903d_folder/textures/tail10_3","x":2},{"width":113,"y":2,"height":112,"name":"mecha_2903d_folder/neck","x":173},{"width":74,"y":2,"height":72,"name":"mecha_2903d_folder/pelvis","x":288},{"width":34,"y":2,"height":56,"name":"mecha_2903d_folder/textures/tail6_1","x":364},{"width":31,"y":60,"height":32,"name":"mecha_2903d_folder/textures/upperarm_l_2","x":364},{"width":43,"y":76,"height":79,"name":"mecha_2903d_folder/textures/tail8_1","x":288},{"width":36,"y":94,"height":68,"name":"mecha_2903d_folder/textures/tail7_1","x":333},{"width":113,"y":116,"height":52,"name":"mecha_2903d_folder/textures/hand_r_0","x":173},{"width":116,"y":120,"height":102,"name":"mecha_2903d_folder/chest","x":2},{"width":48,"y":120,"height":38,"name":"mecha_2903d_folder/head","x":120},{"width":41,"y":157,"height":45,"name":"mecha_2903d_folder/tail","x":288},{"width":36,"y":160,"height":46,"name":"mecha_2903d_folder/textures/tail5_1","x":120},{"width":52,"y":164,"height":28,"name":"mecha_2903d_folder/textures/tail9_1","x":331},{"width":114,"y":170,"height":31,"name":"mecha_2903d_folder/calf_r_m","x":158},{"width":41,"y":194,"height":38,"name":"mecha_2903d_folder/tail1","x":331},{"width":115,"y":203,"height":27,"name":"mecha_2903d_folder/calf_r_b","x":158},{"width":37,"y":204,"height":33,"name":"mecha_2903d_folder/tail2","x":275},{"width":34,"y":208,"height":22,"name":"mecha_2903d_folder/tail4","x":120},{"width":111,"y":224,"height":31,"name":"mecha_2903d_folder/calf_r_f","x":2},{"width":108,"y":232,"height":34,"name":"mecha_2903d_folder/hand_l","x":115},{"width":44,"y":232,"height":24,"name":"mecha_2903d_folder/textures/thigh_r_b_1","x":225},{"width":82,"y":234,"height":40,"name":"mecha_2903d_folder/forearm_l","x":314},{"width":39,"y":239,"height":29,"name":"mecha_2903d_folder/textures/upperarm_r_0","x":271},{"width":87,"y":257,"height":53,"name":"mecha_2903d_folder/forearm_r","x":2},{"width":38,"y":258,"height":27,"name":"mecha_2903d_folder/tail3","x":225},{"width":94,"y":268,"height":26,"name":"mecha_2903d_folder/textures/calf_l_f_1","x":91},{"width":39,"y":270,"height":18,"name":"mecha_2903d_folder/textures/thigh_r_f_2","x":265},{"width":88,"y":276,"height":30,"name":"mecha_2903d_folder/calf_l_b","x":306},{"width":75,"y":287,"height":23,"name":"mecha_2903d_folder/textures/hand_r_1_0","x":187},{"width":38,"y":290,"height":17,"name":"mecha_2903d_folder/textures/thigh_r_m_0","x":264},{"width":83,"y":296,"height":32,"name":"mecha_2903d_folder/calf_l_m","x":91},{"width":76,"y":308,"height":17,"name":"mecha_2903d_folder/textures/hand_l_1_0","x":304},{"width":59,"y":312,"height":18,"name":"mecha_2903d_folder/textures/thigh_l_f_0","x":176},{"width":55,"y":312,"height":15,"name":"mecha_2903d_folder/thigh_l_m","x":237},{"width":52,"y":312,"height":17,"name":"mecha_2903d_folder/textures/thigh_l_b_1","x":2}],"name":"mecha_2903d","imagePath":"mecha_2903d_texture_1.png"}