{"SubTexture":[{"width":133,"y":2,"height":76,"name":"mecha_2903b_folder/weapon","x":2},{"width":112,"y":2,"height":97,"name":"mecha_2903b_folder/neck","x":137},{"width":75,"y":2,"height":51,"name":"mecha_2903b_folder/forearm_r","x":251},{"width":62,"y":55,"height":56,"name":"mecha_2903b_folder/pelvis","x":251},{"width":103,"y":80,"height":78,"name":"mecha_2903b_folder/chest","x":2},{"width":27,"y":80,"height":25,"name":"mecha_2903b_folder/textures/tail8_1","x":107},{"width":96,"y":101,"height":28,"name":"mecha_2903b_folder/calf_r_m","x":136},{"width":27,"y":107,"height":22,"name":"mecha_2903b_folder/textures/tail6_1","x":107},{"width":75,"y":113,"height":41,"name":"mecha_2903b_folder/forearm_l","x":234},{"width":95,"y":131,"height":28,"name":"mecha_2903b_folder/calf_r_f","x":136},{"width":82,"y":156,"height":28,"name":"mecha_2903b_folder/textures/calf_l_f_1","x":233},{"width":97,"y":160,"height":24,"name":"mecha_2903b_folder/calf_r_b","x":2},{"width":33,"y":160,"height":33,"name":"mecha_2903b_folder/tail","x":101},{"width":74,"y":161,"height":28,"name":"mecha_2903b_folder/calf_l_m","x":136},{"width":76,"y":186,"height":25,"name":"mecha_2903b_folder/calf_l_b","x":212},{"width":35,"y":186,"height":29,"name":"mecha_2903b_folder/tail1","x":290},{"width":48,"y":186,"height":38,"name":"mecha_2903b_folder/head","x":2},{"width":44,"y":186,"height":24,"name":"mecha_2903b_folder/textures/thigh_r_b_1","x":52},{"width":59,"y":191,"height":26,"name":"mecha_2903b_folder/textures/hand_r_0","x":136},{"width":31,"y":195,"height":32,"name":"mecha_2903b_folder/textures/upperarm_l_2","x":98},{"width":39,"y":212,"height":29,"name":"mecha_2903b_folder/textures/upperarm_r_0","x":52},{"width":57,"y":213,"height":25,"name":"mecha_2903b_folder/hand_l","x":197},{"width":31,"y":213,"height":26,"name":"mecha_2903b_folder/tail2","x":256},{"width":34,"y":217,"height":22,"name":"mecha_2903b_folder/tail4","x":289},{"width":52,"y":219,"height":28,"name":"mecha_2903b_folder/textures/tail9_1","x":131},{"width":39,"y":226,"height":18,"name":"mecha_2903b_folder/textures/thigh_r_f_2","x":2},{"width":33,"y":229,"height":21,"name":"mecha_2903b_folder/textures/tail5_1","x":93},{"width":59,"y":240,"height":18,"name":"mecha_2903b_folder/textures/thigh_l_f_0","x":185},{"width":31,"y":241,"height":23,"name":"mecha_2903b_folder/tail3","x":289},{"width":38,"y":241,"height":17,"name":"mecha_2903b_folder/textures/hand_r_1_0","x":246},{"width":38,"y":243,"height":17,"name":"mecha_2903b_folder/textures/thigh_r_m_0","x":43},{"width":38,"y":246,"height":14,"name":"mecha_2903b_folder/textures/hand_l_1_0","x":2},{"width":55,"y":249,"height":15,"name":"mecha_2903b_folder/thigh_l_m","x":128},{"width":28,"y":252,"height":23,"name":"mecha_2903b_folder/textures/tail7_1","x":83},{"width":52,"y":260,"height":17,"name":"mecha_2903b_folder/textures/thigh_l_b_1","x":185}],"name":"mecha_2903b","imagePath":"mecha_2903b_texture_1.png"}