{"SubTexture":[{"width":280,"y":2,"height":76,"name":"weapon_1005_folder/weapon_r_4","x":2},{"width":108,"y":2,"height":64,"name":"weapon_1005_folder/weapon_r_2","x":284},{"width":105,"y":68,"height":60,"name":"weapon_1005_folder/weapon_r_1","x":284},{"width":202,"y":80,"height":69,"name":"weapon_1005_folder/weapon_r_3","x":2},{"width":75,"y":80,"height":40,"name":"weapon_1005_folder/weapon_r_0","x":206},{"width":136,"y":130,"height":54,"name":"weapon_1005_folder/c_folder/1","x":206},{"width":136,"y":151,"height":52,"name":"weapon_1005_folder/c_folder/0","x":2},{"width":136,"y":186,"height":51,"name":"weapon_1005_folder/c_folder/2","x":140},{"width":109,"y":186,"height":49,"name":"weapon_1005_folder/b_folder/1","x":278},{"width":136,"y":205,"height":46,"name":"weapon_1005_folder/c_folder/4","x":2},{"width":110,"y":237,"height":47,"name":"weapon_1005_folder/b_folder/0","x":278},{"width":136,"y":239,"height":43,"name":"weapon_1005_folder/c_folder/3","x":140},{"width":108,"y":253,"height":45,"name":"weapon_1005_folder/b_folder/2","x":2},{"width":108,"y":284,"height":41,"name":"weapon_1005_folder/b_folder/4","x":112},{"width":108,"y":286,"height":41,"name":"weapon_1005_folder/b_folder/3","x":222},{"width":81,"y":286,"height":37,"name":"weapon_1005_folder/a_folder/boss_zhl.0005","x":332},{"width":81,"y":300,"height":37,"name":"weapon_1005_folder/a_folder/boss_zhl.0004","x":2},{"width":81,"y":325,"height":37,"name":"weapon_1005_folder/a_folder/boss_zhl.0003","x":332},{"width":81,"y":327,"height":37,"name":"weapon_1005_folder/a_folder/boss_zhl.0002","x":85},{"width":81,"y":329,"height":37,"name":"weapon_1005_folder/a_folder/boss_zhl.0001","x":168}],"name":"weapon_1000","imagePath":"weapon_1000_texture_1.png"}